{
  "positionByCondition": {
    "color": {
      "first": {
        "mean": 425.35692307692307,
        "sd": 1570.266446090885
      },
      "middle": {
        "mean": 220.46769230769232,
        "sd": 101.536846543892
      },
      "last": {
        "mean": 559.0215384615385,
        "sd": 568.9802087328914
      }
    },
    "monochrome": {
      "first": {
        "mean": 369.02153846153846,
        "sd": 416.5011776887844
      },
      "middle": {
        "mean": 226.74461538461537,
        "sd": 131.24192865337344
      },
      "last": {
        "mean": 601.4123076923076,
        "sd": 733.2500094723921
      }
    }
  }
}